code,name
JMCAT0000,Electronics - Compact
JMCAT0001,Advanced Tools
JMCAT0002,Furniture
JMCAT0003,Clothing - Compact
JMCAT0004,Professional Sports
JMCAT0005,Books
JMCAT0006,Toys - Premium
JMCAT0007,Professional Food
JMCAT0008,Garden
JMCAT0009,Automotive - Professional
JMCAT0010,Deluxe Health
JMCAT0011,Beauty
JMCAT0012,Jewelry - Standard
JMCAT0013,Standard Music
JMCAT0014,Office
JMCAT0015,Pet - Elite
JMCAT0016,Modern Baby
JMCAT0017,Art
JMCAT0018,Industrial - Modern
JMCAT0019,Classic Medical
JMCAT0020,Electronics
JMCAT0021,Tools - Vintage
JMCAT0022,Superior Furniture
JMCAT0023,Clothing
JMCAT0024,Sports - Basic
JMCAT0025,Modern Books
JMCAT0026,Toys
JMCAT0027,Food - Modern
JMCAT0028,Advanced Garden
JMCAT0029,Automotive
JMCAT0030,Health - Basic
JMCAT0031,Modern Beauty
JMCAT0032,Jewelry
JMCAT0033,Music - Basic
JMCAT0034,Basic Office
JMCAT0035,Pet
JMCAT0036,Baby - Standard
JMCAT0037,Professional Art
JMCAT0038,Industrial
JMCAT0039,Medical - Elite
JMCAT0040,Compact Electronics
JMCAT0041,Tools
JMCAT0042,Furniture - Modern
JMCAT0043,Elite Clothing
JMCAT0044,Sports
JMCAT0045,Books - Standard
JMCAT0046,Deluxe Toys
JMCAT0047,Food
JMCAT0048,Garden - Vintage
JMCAT0049,Superior Automotive
JMCAT0050,Health
JMCAT0051,Beauty - Vintage
JMCAT0052,Advanced Jewelry
JMCAT0053,Music
JMCAT0054,Office - Superior
JMCAT0055,Elite Pet
JMCAT0056,Baby
JMCAT0057,Art - Classic
JMCAT0058,Modern Industrial
JMCAT0059,Medical
JMCAT0060,Electronics - Compact
JMCAT0061,Compact Tools
JMCAT0062,Furniture
JMCAT0063,Clothing - Superior
JMCAT0064,Advanced Sports
JMCAT0065,Books
JMCAT0066,Toys - Elite
JMCAT0067,Professional Food
JMCAT0068,Garden
JMCAT0069,Automotive - Premium
JMCAT0070,Vintage Health
JMCAT0071,Beauty
JMCAT0072,Jewelry - Advanced
JMCAT0073,Compact Music
JMCAT0074,Office
JMCAT0075,Pet - Elite
JMCAT0076,Elite Baby
JMCAT0077,Art
JMCAT0078,Industrial - Vintage
JMCAT0079,Classic Medical
JMCAT0080,Electronics
JMCAT0081,Tools - Compact
JMCAT0082,Basic Furniture
JMCAT0083,Clothing
JMCAT0084,Sports - Basic
JMCAT0085,Professional Books
JMCAT0086,Toys
JMCAT0087,Food - Professional
JMCAT0088,Basic Garden
JMCAT0089,Automotive
JMCAT0090,Health - Premium
JMCAT0091,Professional Beauty
JMCAT0092,Jewelry
JMCAT0093,Music - Advanced
JMCAT0094,Deluxe Office
JMCAT0095,Pet
JMCAT0096,Baby - Basic
JMCAT0097,Standard Art
JMCAT0098,Industrial
JMCAT0099,Medical - Modern
JMCAT0100,Advanced Electronics
JMCAT0101,Tools
JMCAT0102,Furniture - Premium
JMCAT0103,Classic Clothing
JMCAT0104,Sports
JMCAT0105,Books - Elite
JMCAT0106,Premium Toys
JMCAT0107,Food
JMCAT0108,Garden - Deluxe
JMCAT0109,Superior Automotive
JMCAT0110,Health
JMCAT0111,Beauty - Professional
JMCAT0112,Modern Jewelry
JMCAT0113,Music
JMCAT0114,Office - Classic
JMCAT0115,Classic Pet
JMCAT0116,Baby
JMCAT0117,Art - Vintage
JMCAT0118,Premium Industrial
JMCAT0119,Medical
JMCAT0120,Electronics - Vintage
JMCAT0121,Premium Tools
JMCAT0122,Furniture
JMCAT0123,Clothing - Vintage
JMCAT0124,Professional Sports
JMCAT0125,Books
JMCAT0126,Toys - Vintage
JMCAT0127,Modern Food
JMCAT0128,Garden
JMCAT0129,Automotive - Superior
JMCAT0130,Compact Health
JMCAT0131,Beauty
JMCAT0132,Jewelry - Deluxe
JMCAT0133,Superior Music
JMCAT0134,Office
JMCAT0135,Pet - Vintage
JMCAT0136,Classic Baby
JMCAT0137,Art
JMCAT0138,Industrial - Basic
JMCAT0139,Deluxe Medical
JMCAT0140,Electronics
JMCAT0141,Tools - Basic
JMCAT0142,Classic Furniture
JMCAT0143,Clothing
JMCAT0144,Sports - Compact
JMCAT0145,Standard Books
JMCAT0146,Toys
JMCAT0147,Food - Deluxe
JMCAT0148,Deluxe Garden
JMCAT0149,Automotive
JMCAT0150,Health - Standard
JMCAT0151,Elite Beauty
JMCAT0152,Jewelry
JMCAT0153,Music - Compact
JMCAT0154,Advanced Office
JMCAT0155,Pet
JMCAT0156,Baby - Standard
JMCAT0157,Advanced Art
JMCAT0158,Industrial
JMCAT0159,Medical - Vintage
JMCAT0160,Advanced Electronics
JMCAT0161,Tools
JMCAT0162,Furniture - Elite
JMCAT0163,Vintage Clothing
JMCAT0164,Sports
JMCAT0165,Books - Superior
JMCAT0166,Basic Toys
JMCAT0167,Food
JMCAT0168,Garden - Classic
JMCAT0169,Vintage Automotive
JMCAT0170,Health
JMCAT0171,Beauty - Deluxe
JMCAT0172,Basic Jewelry
JMCAT0173,Music
JMCAT0174,Office - Compact
JMCAT0175,Premium Pet
JMCAT0176,Baby
JMCAT0177,Art - Elite
JMCAT0178,Professional Industrial
JMCAT0179,Medical
JMCAT0180,Electronics - Professional
JMCAT0181,Modern Tools
JMCAT0182,Furniture
JMCAT0183,Clothing - Classic
JMCAT0184,Standard Sports
JMCAT0185,Books
JMCAT0186,Toys - Professional
JMCAT0187,Vintage Food
JMCAT0188,Garden
JMCAT0189,Automotive - Premium
JMCAT0190,Modern Health
JMCAT0191,Beauty
JMCAT0192,Jewelry - Standard
JMCAT0193,Premium Music
JMCAT0194,Office
JMCAT0195,Pet - Classic
JMCAT0196,Elite Baby
JMCAT0197,Art
JMCAT0198,Industrial - Basic
JMCAT0199,Superior Medical
JMCAT0200,Electronics
JMCAT0201,Tools - Basic
JMCAT0202,Compact Furniture
JMCAT0203,Clothing
JMCAT0204,Sports - Modern
JMCAT0205,Superior Books
JMCAT0206,Toys
JMCAT0207,Food - Premium
JMCAT0208,Standard Garden
JMCAT0209,Automotive
JMCAT0210,Health - Premium
JMCAT0211,Elite Beauty
JMCAT0212,Jewelry
JMCAT0213,Music - Classic
JMCAT0214,Basic Office
JMCAT0215,Pet
JMCAT0216,Baby - Standard
JMCAT0217,Basic Art
JMCAT0218,Industrial
JMCAT0219,Medical - Vintage
JMCAT0220,Deluxe Electronics
JMCAT0221,Tools
JMCAT0222,Furniture - Vintage
JMCAT0223,Classic Clothing
JMCAT0224,Sports
JMCAT0225,Books - Professional
JMCAT0226,Premium Toys
JMCAT0227,Food
JMCAT0228,Garden - Elite
JMCAT0229,Premium Automotive
JMCAT0230,Health
JMCAT0231,Beauty - Premium
JMCAT0232,Deluxe Jewelry
JMCAT0233,Music
JMCAT0234,Office - Vintage
JMCAT0235,Deluxe Pet
JMCAT0236,Baby
JMCAT0237,Art - Superior
JMCAT0238,Basic Industrial
JMCAT0239,Medical
JMCAT0240,Electronics - Advanced
JMCAT0241,Modern Tools
JMCAT0242,Furniture
JMCAT0243,Clothing - Vintage
JMCAT0244,Classic Sports
JMCAT0245,Books
JMCAT0246,Toys - Modern
JMCAT0247,Modern Food
JMCAT0248,Garden
JMCAT0249,Automotive - Compact
JMCAT0250,Compact Health
JMCAT0251,Beauty
JMCAT0252,Jewelry - Deluxe
JMCAT0253,Deluxe Music
JMCAT0254,Office
JMCAT0255,Pet - Standard
JMCAT0256,Professional Baby
JMCAT0257,Art
JMCAT0258,Industrial - Basic
JMCAT0259,Deluxe Medical
JMCAT0260,Electronics
JMCAT0261,Tools - Vintage
JMCAT0262,Modern Furniture
JMCAT0263,Clothing
JMCAT0264,Sports - Elite
JMCAT0265,Compact Books
JMCAT0266,Toys
JMCAT0267,Food - Basic
JMCAT0268,Standard Garden
JMCAT0269,Automotive
JMCAT0270,Health - Advanced
JMCAT0271,Modern Beauty
JMCAT0272,Jewelry
JMCAT0273,Music - Deluxe
JMCAT0274,Classic Office
JMCAT0275,Pet
JMCAT0276,Baby - Basic
JMCAT0277,Advanced Art
JMCAT0278,Industrial
JMCAT0279,Medical - Advanced
JMCAT0280,Classic Electronics
JMCAT0281,Tools
JMCAT0282,Furniture - Modern
JMCAT0283,Classic Clothing
JMCAT0284,Sports
JMCAT0285,Books - Elite
JMCAT0286,Deluxe Toys
JMCAT0287,Food
JMCAT0288,Garden - Premium
JMCAT0289,Modern Automotive
JMCAT0290,Health
JMCAT0291,Beauty - Standard
JMCAT0292,Classic Jewelry
JMCAT0293,Music
JMCAT0294,Office - Standard
JMCAT0295,Premium Pet
JMCAT0296,Baby
JMCAT0297,Art - Deluxe
JMCAT0298,Professional Industrial
JMCAT0299,Medical
JMCAT0300,Electronics - Standard
JMCAT0301,Modern Tools
JMCAT0302,Furniture
JMCAT0303,Clothing - Basic
JMCAT0304,Premium Sports
JMCAT0305,Books
JMCAT0306,Toys - Premium
JMCAT0307,Vintage Food
JMCAT0308,Garden
JMCAT0309,Automotive - Vintage
JMCAT0310,Standard Health
JMCAT0311,Beauty
JMCAT0312,Jewelry - Superior
JMCAT0313,Basic Music
JMCAT0314,Office
JMCAT0315,Pet - Superior
JMCAT0316,Superior Baby
JMCAT0317,Art
JMCAT0318,Industrial - Compact
JMCAT0319,Advanced Medical
JMCAT0320,Electronics
JMCAT0321,Tools - Premium
JMCAT0322,Modern Furniture
JMCAT0323,Clothing
JMCAT0324,Sports - Superior
JMCAT0325,Basic Books
JMCAT0326,Toys
JMCAT0327,Food - Elite
JMCAT0328,Compact Garden
JMCAT0329,Automotive
JMCAT0330,Health - Classic
JMCAT0331,Professional Beauty
JMCAT0332,Jewelry
JMCAT0333,Music - Premium
JMCAT0334,Elite Office
JMCAT0335,Pet
JMCAT0336,Baby - Elite
JMCAT0337,Compact Art
JMCAT0338,Industrial
JMCAT0339,Medical - Basic
JMCAT0340,Compact Electronics
JMCAT0341,Tools
JMCAT0342,Furniture - Standard
JMCAT0343,Professional Clothing
JMCAT0344,Sports
JMCAT0345,Books - Professional
JMCAT0346,Premium Toys
JMCAT0347,Food
JMCAT0348,Garden - Premium
JMCAT0349,Standard Automotive
JMCAT0350,Health
JMCAT0351,Beauty - Professional
JMCAT0352,Modern Jewelry
JMCAT0353,Music
JMCAT0354,Office - Modern
JMCAT0355,Superior Pet
JMCAT0356,Baby
JMCAT0357,Art - Deluxe
JMCAT0358,Standard Industrial
JMCAT0359,Medical
JMCAT0360,Electronics - Premium
JMCAT0361,Modern Tools
JMCAT0362,Furniture
JMCAT0363,Clothing - Superior
JMCAT0364,Superior Sports
JMCAT0365,Books
JMCAT0366,Toys - Modern
JMCAT0367,Premium Food
JMCAT0368,Garden
JMCAT0369,Automotive - Classic
JMCAT0370,Deluxe Health
JMCAT0371,Beauty
JMCAT0372,Jewelry - Premium
JMCAT0373,Classic Music
JMCAT0374,Office
JMCAT0375,Pet - Basic
JMCAT0376,Professional Baby
JMCAT0377,Art
JMCAT0378,Industrial - Classic
JMCAT0379,Deluxe Medical
JMCAT0380,Electronics
JMCAT0381,Tools - Superior
JMCAT0382,Basic Furniture
JMCAT0383,Clothing
JMCAT0384,Sports - Compact
JMCAT0385,Advanced Books
JMCAT0386,Toys
JMCAT0387,Food - Standard
JMCAT0388,Standard Garden
JMCAT0389,Automotive
JMCAT0390,Health - Vintage
JMCAT0391,Premium Beauty
JMCAT0392,Jewelry
JMCAT0393,Music - Vintage
JMCAT0394,Compact Office
JMCAT0395,Pet
JMCAT0396,Baby - Compact
JMCAT0397,Elite Art
JMCAT0398,Industrial
JMCAT0399,Medical - Vintage
JMCAT0400,Elite Electronics
JMCAT0401,Tools
JMCAT0402,Furniture - Elite
JMCAT0403,Standard Clothing
JMCAT0404,Sports
JMCAT0405,Books - Vintage
JMCAT0406,Advanced Toys
JMCAT0407,Food
JMCAT0408,Garden - Basic
JMCAT0409,Standard Automotive
JMCAT0410,Health
JMCAT0411,Beauty - Deluxe
JMCAT0412,Compact Jewelry
JMCAT0413,Music
JMCAT0414,Office - Modern
JMCAT0415,Standard Pet
JMCAT0416,Baby
JMCAT0417,Art - Basic
JMCAT0418,Deluxe Industrial
JMCAT0419,Medical
JMCAT0420,Electronics - Elite
JMCAT0421,Deluxe Tools
JMCAT0422,Furniture
JMCAT0423,Clothing - Superior
JMCAT0424,Standard Sports
JMCAT0425,Books
JMCAT0426,Toys - Professional
JMCAT0427,Vintage Food
JMCAT0428,Garden
JMCAT0429,Automotive - Classic
JMCAT0430,Classic Health
JMCAT0431,Beauty
JMCAT0432,Jewelry - Premium
JMCAT0433,Elite Music
JMCAT0434,Office
JMCAT0435,Pet - Elite
JMCAT0436,Modern Baby
JMCAT0437,Art
JMCAT0438,Industrial - Basic
JMCAT0439,Vintage Medical
JMCAT0440,Electronics
JMCAT0441,Tools - Professional
JMCAT0442,Advanced Furniture
JMCAT0443,Clothing
JMCAT0444,Sports - Advanced
JMCAT0445,Modern Books
JMCAT0446,Toys
JMCAT0447,Food - Professional
JMCAT0448,Basic Garden
JMCAT0449,Automotive
JMCAT0450,Health - Classic
JMCAT0451,Elite Beauty
JMCAT0452,Jewelry
JMCAT0453,Music - Superior
JMCAT0454,Premium Office
JMCAT0455,Pet
JMCAT0456,Baby - Standard
JMCAT0457,Compact Art
JMCAT0458,Industrial
JMCAT0459,Medical - Premium
JMCAT0460,Superior Electronics
JMCAT0461,Tools
JMCAT0462,Furniture - Deluxe
JMCAT0463,Basic Clothing
JMCAT0464,Sports
JMCAT0465,Books - Professional
JMCAT0466,Modern Toys
JMCAT0467,Food
JMCAT0468,Garden - Basic
JMCAT0469,Premium Automotive
JMCAT0470,Health
JMCAT0471,Beauty - Standard
JMCAT0472,Advanced Jewelry
JMCAT0473,Music
JMCAT0474,Office - Vintage
JMCAT0475,Advanced Pet
JMCAT0476,Baby
JMCAT0477,Art - Premium
JMCAT0478,Compact Industrial
JMCAT0479,Medical
JMCAT0480,Electronics - Elite
JMCAT0481,Vintage Tools
JMCAT0482,Furniture
JMCAT0483,Clothing - Classic
JMCAT0484,Basic Sports
JMCAT0485,Books
JMCAT0486,Toys - Deluxe
JMCAT0487,Superior Food
JMCAT0488,Garden
JMCAT0489,Automotive - Elite
JMCAT0490,Vintage Health
JMCAT0491,Beauty
JMCAT0492,Jewelry - Classic
JMCAT0493,Standard Music
JMCAT0494,Office
JMCAT0495,Pet - Basic
JMCAT0496,Compact Baby
JMCAT0497,Art
JMCAT0498,Industrial - Advanced
JMCAT0499,Deluxe Medical
JMCAT0500,Electronics
JMCAT0501,Tools - Classic
JMCAT0502,Vintage Furniture
JMCAT0503,Clothing
JMCAT0504,Sports - Advanced
JMCAT0505,Elite Books
JMCAT0506,Toys
JMCAT0507,Food - Premium
JMCAT0508,Classic Garden
JMCAT0509,Automotive
JMCAT0510,Health - Elite
JMCAT0511,Standard Beauty
JMCAT0512,Jewelry
JMCAT0513,Music - Deluxe
JMCAT0514,Elite Office
JMCAT0515,Pet
JMCAT0516,Baby - Professional
JMCAT0517,Premium Art
JMCAT0518,Industrial
JMCAT0519,Medical - Premium
JMCAT0520,Classic Electronics
JMCAT0521,Tools
JMCAT0522,Furniture - Basic
JMCAT0523,Classic Clothing
JMCAT0524,Sports
JMCAT0525,Books - Deluxe
JMCAT0526,Superior Toys
JMCAT0527,Food
JMCAT0528,Garden - Advanced
JMCAT0529,Modern Automotive
JMCAT0530,Health
JMCAT0531,Beauty - Basic
JMCAT0532,Compact Jewelry
JMCAT0533,Music
JMCAT0534,Office - Superior
JMCAT0535,Elite Pet
JMCAT0536,Baby
JMCAT0537,Art - Classic
JMCAT0538,Deluxe Industrial
JMCAT0539,Medical
JMCAT0540,Electronics - Advanced
JMCAT0541,Classic Tools
JMCAT0542,Furniture
JMCAT0543,Clothing - Standard
JMCAT0544,Professional Sports
JMCAT0545,Books
JMCAT0546,Toys - Standard
JMCAT0547,Elite Food
JMCAT0548,Garden
JMCAT0549,Automotive - Compact
JMCAT0550,Modern Health
JMCAT0551,Beauty
JMCAT0552,Jewelry - Compact
JMCAT0553,Superior Music
JMCAT0554,Office
JMCAT0555,Pet - Superior
JMCAT0556,Modern Baby
JMCAT0557,Art
JMCAT0558,Industrial - Compact
JMCAT0559,Elite Medical
JMCAT0560,Electronics
JMCAT0561,Tools - Premium
JMCAT0562,Compact Furniture
JMCAT0563,Clothing
JMCAT0564,Sports - Premium
JMCAT0565,Standard Books
JMCAT0566,Toys
JMCAT0567,Food - Modern
JMCAT0568,Elite Garden
JMCAT0569,Automotive
JMCAT0570,Health - Standard
JMCAT0571,Professional Beauty
JMCAT0572,Jewelry
JMCAT0573,Music - Deluxe
JMCAT0574,Classic Office
JMCAT0575,Pet
JMCAT0576,Baby - Modern
JMCAT0577,Elite Art
JMCAT0578,Industrial
JMCAT0579,Medical - Deluxe
JMCAT0580,Premium Electronics
JMCAT0581,Tools
JMCAT0582,Furniture - Compact
JMCAT0583,Elite Clothing
JMCAT0584,Sports
JMCAT0585,Books - Compact
JMCAT0586,Premium Toys
JMCAT0587,Food
JMCAT0588,Garden - Standard
JMCAT0589,Basic Automotive
JMCAT0590,Health
JMCAT0591,Beauty - Vintage
JMCAT0592,Superior Jewelry
JMCAT0593,Music
JMCAT0594,Office - Premium
JMCAT0595,Basic Pet
JMCAT0596,Baby
JMCAT0597,Art - Advanced
JMCAT0598,Vintage Industrial
JMCAT0599,Medical
JMCAT0600,Electronics - Basic
JMCAT0601,Standard Tools
JMCAT0602,Furniture
JMCAT0603,Clothing - Deluxe
JMCAT0604,Elite Sports
JMCAT0605,Books
JMCAT0606,Toys - Deluxe
JMCAT0607,Classic Food
JMCAT0608,Garden
JMCAT0609,Automotive - Classic
JMCAT0610,Standard Health
JMCAT0611,Beauty
JMCAT0612,Jewelry - Compact
JMCAT0613,Modern Music
JMCAT0614,Office
JMCAT0615,Pet - Deluxe
JMCAT0616,Superior Baby
JMCAT0617,Art
JMCAT0618,Industrial - Premium
JMCAT0619,Professional Medical
JMCAT0620,Electronics
JMCAT0621,Tools - Basic
JMCAT0622,Basic Furniture
JMCAT0623,Clothing
JMCAT0624,Sports - Deluxe
JMCAT0625,Premium Books
JMCAT0626,Toys
JMCAT0627,Food - Basic
JMCAT0628,Standard Garden
JMCAT0629,Automotive
JMCAT0630,Health - Vintage
JMCAT0631,Classic Beauty
JMCAT0632,Jewelry
JMCAT0633,Music - Professional
JMCAT0634,Superior Office
JMCAT0635,Pet
JMCAT0636,Baby - Vintage
JMCAT0637,Deluxe Art
JMCAT0638,Industrial
JMCAT0639,Medical - Elite
JMCAT0640,Elite Electronics
JMCAT0641,Tools
JMCAT0642,Furniture - Modern
JMCAT0643,Classic Clothing
JMCAT0644,Sports
JMCAT0645,Books - Advanced
JMCAT0646,Classic Toys
JMCAT0647,Food
JMCAT0648,Garden - Classic
JMCAT0649,Basic Automotive
JMCAT0650,Health
JMCAT0651,Beauty - Vintage
JMCAT0652,Premium Jewelry
JMCAT0653,Music
JMCAT0654,Office - Superior
JMCAT0655,Vintage Pet
JMCAT0656,Baby
JMCAT0657,Art - Basic
JMCAT0658,Basic Industrial
JMCAT0659,Medical
JMCAT0660,Electronics - Deluxe
JMCAT0661,Standard Tools
JMCAT0662,Furniture
JMCAT0663,Clothing - Standard
JMCAT0664,Standard Sports
JMCAT0665,Books
JMCAT0666,Toys - Elite
JMCAT0667,Superior Food
JMCAT0668,Garden
JMCAT0669,Automotive - Standard
JMCAT0670,Premium Health
JMCAT0671,Beauty
JMCAT0672,Jewelry - Professional
JMCAT0673,Elite Music
JMCAT0674,Office
JMCAT0675,Pet - Vintage
JMCAT0676,Basic Baby
JMCAT0677,Art
JMCAT0678,Industrial - Basic
JMCAT0679,Basic Medical
JMCAT0680,Electronics
JMCAT0681,Tools - Vintage
JMCAT0682,Advanced Furniture
JMCAT0683,Clothing
JMCAT0684,Sports - Classic
JMCAT0685,Superior Books
JMCAT0686,Toys
JMCAT0687,Food - Professional
JMCAT0688,Premium Garden
JMCAT0689,Automotive
JMCAT0690,Health - Modern
JMCAT0691,Superior Beauty
JMCAT0692,Jewelry
JMCAT0693,Music - Advanced
JMCAT0694,Professional Office
JMCAT0695,Pet
JMCAT0696,Baby - Vintage
JMCAT0697,Standard Art
JMCAT0698,Industrial
JMCAT0699,Medical - Modern
JMCAT0700,Modern Electronics
JMCAT0701,Tools
JMCAT0702,Furniture - Deluxe
JMCAT0703,Professional Clothing
JMCAT0704,Sports
JMCAT0705,Books - Modern
JMCAT0706,Standard Toys
JMCAT0707,Food
JMCAT0708,Garden - Elite
JMCAT0709,Premium Automotive
JMCAT0710,Health
JMCAT0711,Beauty - Deluxe
JMCAT0712,Superior Jewelry
JMCAT0713,Music
JMCAT0714,Office - Vintage
JMCAT0715,Superior Pet
JMCAT0716,Baby
JMCAT0717,Art - Elite
JMCAT0718,Standard Industrial
JMCAT0719,Medical
JMCAT0720,Electronics - Standard
JMCAT0721,Modern Tools
JMCAT0722,Furniture
JMCAT0723,Clothing - Compact
JMCAT0724,Superior Sports
JMCAT0725,Books
JMCAT0726,Toys - Superior
JMCAT0727,Vintage Food
JMCAT0728,Garden
JMCAT0729,Automotive - Elite
JMCAT0730,Advanced Health
JMCAT0731,Beauty
JMCAT0732,Jewelry - Classic
JMCAT0733,Superior Music
JMCAT0734,Office
JMCAT0735,Pet - Superior
JMCAT0736,Elite Baby
JMCAT0737,Art
JMCAT0738,Industrial - Vintage
JMCAT0739,Modern Medical
JMCAT0740,Electronics
JMCAT0741,Tools - Classic
JMCAT0742,Elite Furniture
JMCAT0743,Clothing
JMCAT0744,Sports - Deluxe
JMCAT0745,Advanced Books
JMCAT0746,Toys
JMCAT0747,Food - Professional
JMCAT0748,Professional Garden
JMCAT0749,Automotive
JMCAT0750,Health - Premium
JMCAT0751,Deluxe Beauty
JMCAT0752,Jewelry
JMCAT0753,Music - Standard
JMCAT0754,Compact Office
JMCAT0755,Pet
JMCAT0756,Baby - Professional
JMCAT0757,Basic Art
JMCAT0758,Industrial
JMCAT0759,Medical - Classic
JMCAT0760,Classic Electronics
JMCAT0761,Tools
JMCAT0762,Furniture - Advanced
JMCAT0763,Deluxe Clothing
JMCAT0764,Sports
JMCAT0765,Books - Compact
JMCAT0766,Deluxe Toys
JMCAT0767,Food
JMCAT0768,Garden - Compact
JMCAT0769,Modern Automotive
JMCAT0770,Health
JMCAT0771,Beauty - Vintage
JMCAT0772,Basic Jewelry
JMCAT0773,Music
JMCAT0774,Office - Standard
JMCAT0775,Compact Pet
JMCAT0776,Baby
JMCAT0777,Art - Superior
JMCAT0778,Standard Industrial
JMCAT0779,Medical
JMCAT0780,Electronics - Superior
JMCAT0781,Professional Tools
JMCAT0782,Furniture
JMCAT0783,Clothing - Deluxe
JMCAT0784,Professional Sports
JMCAT0785,Books
JMCAT0786,Toys - Modern
JMCAT0787,Modern Food
JMCAT0788,Garden
JMCAT0789,Automotive - Premium
JMCAT0790,Modern Health
JMCAT0791,Beauty
JMCAT0792,Jewelry - Modern
JMCAT0793,Superior Music
JMCAT0794,Office
JMCAT0795,Pet - Vintage
JMCAT0796,Classic Baby
JMCAT0797,Art
JMCAT0798,Industrial - Basic
JMCAT0799,Standard Medical
JMCAT0800,Electronics
JMCAT0801,Tools - Professional
JMCAT0802,Premium Furniture
JMCAT0803,Clothing
JMCAT0804,Sports - Modern
JMCAT0805,Premium Books
JMCAT0806,Toys
JMCAT0807,Food - Standard
JMCAT0808,Superior Garden
JMCAT0809,Automotive
JMCAT0810,Health - Standard
JMCAT0811,Premium Beauty
JMCAT0812,Jewelry
JMCAT0813,Music - Classic
JMCAT0814,Compact Office
JMCAT0815,Pet
JMCAT0816,Baby - Deluxe
JMCAT0817,Vintage Art
JMCAT0818,Industrial
JMCAT0819,Medical - Professional
JMCAT0820,Compact Electronics
JMCAT0821,Tools
JMCAT0822,Furniture - Advanced
JMCAT0823,Modern Clothing
JMCAT0824,Sports
JMCAT0825,Books - Vintage
JMCAT0826,Advanced Toys
JMCAT0827,Food
JMCAT0828,Garden - Vintage
JMCAT0829,Classic Automotive
JMCAT0830,Health
JMCAT0831,Beauty - Professional
JMCAT0832,Deluxe Jewelry
JMCAT0833,Music
JMCAT0834,Office - Superior
JMCAT0835,Vintage Pet
JMCAT0836,Baby
JMCAT0837,Art - Standard
JMCAT0838,Elite Industrial
JMCAT0839,Medical
JMCAT0840,Electronics - Vintage
JMCAT0841,Basic Tools
JMCAT0842,Furniture
JMCAT0843,Clothing - Elite
JMCAT0844,Vintage Sports
JMCAT0845,Books
JMCAT0846,Toys - Standard
JMCAT0847,Classic Food
JMCAT0848,Garden
JMCAT0849,Automotive - Advanced
JMCAT0850,Vintage Health
JMCAT0851,Beauty
JMCAT0852,Jewelry - Professional
JMCAT0853,Elite Music
JMCAT0854,Office
JMCAT0855,Pet - Premium
JMCAT0856,Classic Baby
JMCAT0857,Art
JMCAT0858,Industrial - Deluxe
JMCAT0859,Basic Medical
JMCAT0860,Electronics
JMCAT0861,Tools - Superior
JMCAT0862,Standard Furniture
JMCAT0863,Clothing
JMCAT0864,Sports - Basic
JMCAT0865,Deluxe Books
JMCAT0866,Toys
JMCAT0867,Food - Modern
JMCAT0868,Standard Garden
JMCAT0869,Automotive
JMCAT0870,Health - Elite
JMCAT0871,Superior Beauty
JMCAT0872,Jewelry
JMCAT0873,Music - Modern
JMCAT0874,Premium Office
JMCAT0875,Pet
JMCAT0876,Baby - Compact
JMCAT0877,Deluxe Art
JMCAT0878,Industrial
JMCAT0879,Medical - Modern
JMCAT0880,Vintage Electronics
JMCAT0881,Tools
JMCAT0882,Furniture - Vintage
JMCAT0883,Premium Clothing
JMCAT0884,Sports
JMCAT0885,Books - Deluxe
JMCAT0886,Advanced Toys
JMCAT0887,Food
JMCAT0888,Garden - Premium
JMCAT0889,Classic Automotive
JMCAT0890,Health
JMCAT0891,Beauty - Advanced
JMCAT0892,Superior Jewelry
JMCAT0893,Music
JMCAT0894,Office - Vintage
JMCAT0895,Advanced Pet
JMCAT0896,Baby
JMCAT0897,Art - Elite
JMCAT0898,Premium Industrial
JMCAT0899,Medical
JMCAT0900,Electronics - Standard
JMCAT0901,Compact Tools
JMCAT0902,Furniture
JMCAT0903,Clothing - Advanced
JMCAT0904,Classic Sports
JMCAT0905,Books
JMCAT0906,Toys - Classic
JMCAT0907,Standard Food
JMCAT0908,Garden
JMCAT0909,Automotive - Compact
JMCAT0910,Premium Health
JMCAT0911,Beauty
JMCAT0912,Jewelry - Advanced
JMCAT0913,Basic Music
JMCAT0914,Office
JMCAT0915,Pet - Compact
JMCAT0916,Basic Baby
JMCAT0917,Art
JMCAT0918,Industrial - Basic
JMCAT0919,Classic Medical
JMCAT0920,Electronics
JMCAT0921,Tools - Vintage
JMCAT0922,Professional Furniture
JMCAT0923,Clothing
JMCAT0924,Sports - Deluxe
JMCAT0925,Premium Books
JMCAT0926,Toys
JMCAT0927,Food - Classic
JMCAT0928,Compact Garden
JMCAT0929,Automotive
JMCAT0930,Health - Deluxe
JMCAT0931,Professional Beauty
JMCAT0932,Jewelry
JMCAT0933,Music - Premium
JMCAT0934,Superior Office
JMCAT0935,Pet
JMCAT0936,Baby - Vintage
JMCAT0937,Classic Art
JMCAT0938,Industrial
JMCAT0939,Medical - Standard
JMCAT0940,Advanced Electronics
JMCAT0941,Tools
JMCAT0942,Furniture - Modern
JMCAT0943,Basic Clothing
JMCAT0944,Sports
JMCAT0945,Books - Advanced
JMCAT0946,Professional Toys
JMCAT0947,Food
JMCAT0948,Garden - Vintage
JMCAT0949,Deluxe Automotive
JMCAT0950,Health
JMCAT0951,Beauty - Deluxe
JMCAT0952,Professional Jewelry
JMCAT0953,Music
JMCAT0954,Office - Elite
JMCAT0955,Basic Pet
JMCAT0956,Baby
JMCAT0957,Art - Superior
JMCAT0958,Advanced Industrial
JMCAT0959,Medical
JMCAT0960,Electronics - Premium
JMCAT0961,Vintage Tools
JMCAT0962,Furniture
JMCAT0963,Clothing - Basic
JMCAT0964,Elite Sports
JMCAT0965,Books
JMCAT0966,Toys - Superior
JMCAT0967,Basic Food
JMCAT0968,Garden
JMCAT0969,Automotive - Elite
JMCAT0970,Classic Health
JMCAT0971,Beauty
JMCAT0972,Jewelry - Elite
JMCAT0973,Premium Music
JMCAT0974,Office
JMCAT0975,Pet - Modern
JMCAT0976,Vintage Baby
JMCAT0977,Art
JMCAT0978,Industrial - Modern
JMCAT0979,Premium Medical
JMCAT0980,Electronics
JMCAT0981,Tools - Elite
JMCAT0982,Deluxe Furniture
JMCAT0983,Clothing
JMCAT0984,Sports - Vintage
JMCAT0985,Compact Books
JMCAT0986,Toys
JMCAT0987,Food - Vintage
JMCAT0988,Vintage Garden
JMCAT0989,Automotive
JMCAT0990,Health - Compact
JMCAT0991,Superior Beauty
JMCAT0992,Jewelry
JMCAT0993,Music - Modern
JMCAT0994,Basic Office
JMCAT0995,Pet
JMCAT0996,Baby - Elite
JMCAT0997,Premium Art
JMCAT0998,Industrial
JMCAT0999,Medical - Premium
