sku,name,price,stock,categoryId
JMETER000000,Green Module,665.69,55,1868
JMETER000001,Bronze Device,776.81,777,1520
JMETER000002,Superior Gadget,47.66,202,1227
JMETER000003,Orange Device,596.05,268,1687
JMETER000004,Deluxe Gadget,367.28,922,830
JMETER000005,Ceramic Gadget,605.78,84,419
JMETER000006,Plastic Widget,98.64,281,1287
JMETER000007,Ceramic Widget,582.05,665,173
JMETER000008,Elite Steel System,569.27,245,1251
JMETER000009,Composite Kit,45.59,120,793
JMETER000010,Basic Component,61.72,648,117
JMETER000011,Carbon Package,534.92,804,1385
JMETER000012,Advanced Kit,14.85,709,1928
JMETER000013,Silver Module,523.09,600,1415
JMETER000014,Deluxe Plastic Bundle,88.47,801,95
JMETER000015,Steel Unit,408.25,115,1945
JMETER000016,Deluxe Steel Package,351.28,854,327
JMETER000017,Ceramic Bundle,196.16,114,162
JMETER000018,Steel Component,383.61,148,1026
JMETER000019,Compact Gadget,376.07,702,430
JMETER000020,Steel Component,454.26,260,1962
JMETER000021,Blue Set,720.16,644,1752
JMETER000022,Modern Kit,147.97,164,1990
JMETER000023,Basic Ceramic Unit,179.96,821,1443
JMETER000024,Basic Gadget,115.85,136,1289
JMETER000025,Ceramic Module,968.3,602,158
JMETER000026,Premium Bronze Component,850.77,705,1750
JMETER000027,Advanced Tool,752.36,681,655
JMETER000028,Gray Set,588.81,56,1131
JMETER000029,Professional Alloy System,653.94,928,1125
JMETER000030,Compact Unit,941.12,508,1277
JMETER000031,Silver Tool,57.7,56,45
JMETER000032,Titanium System,62.05,605,1062
JMETER000033,Composite Module,694.4,758,423
JMETER000034,Gray Module,730.16,222,1950
JMETER000035,Deluxe Bundle,734.97,677,465
JMETER000036,Purple Tool,506.92,927,1227
JMETER000037,Professional Copper Bundle,30.86,664,1848
JMETER000038,Aluminum Kit,864.18,995,1552
JMETER000039,Alloy Component,511.49,55,1219
JMETER000040,Deluxe Device,827.61,697,693
JMETER000041,Silver Tool,590.64,83,1646
JMETER000042,Orange Component,715.78,81,1719
JMETER000043,Premium Component,927.33,227,865
JMETER000044,Deluxe Kit,397.56,251,531
JMETER000045,Deluxe Unit,79.5,676,1994
JMETER000046,Deluxe Widget,345.04,830,410
JMETER000047,Plastic Unit,426.55,863,509
JMETER000048,Orange Bundle,678.22,153,1414
JMETER000049,Standard Bundle,533.15,797,702
JMETER000050,Gray Gadget,141.62,207,183
JMETER000051,Red Set,931.33,878,1757
JMETER000052,Premium Kit,65.58,532,780
JMETER000053,Alloy Unit,502.85,177,764
JMETER000054,Basic Package,968.67,691,246
JMETER000055,Composite System,735.08,956,1697
JMETER000056,Plastic Set,544.36,594,1407
JMETER000057,Modern Module,679.39,573,102
JMETER000058,Steel System,982.8,567,1715
JMETER000059,Basic Aluminum Bundle,802.86,399,1515
JMETER000060,Elite Ceramic Module,847.37,494,687
JMETER000061,Silver Bundle,241.33,417,1312
JMETER000062,Gold Component,488.53,362,1942
JMETER000063,Vintage Package,606.14,132,1602
JMETER000064,Blue System,497.35,185,1425
JMETER000065,Classic Copper Package,142.31,308,232
JMETER000066,Basic Copper Widget,815.33,948,3
JMETER000067,Orange Package,540.7,291,877
JMETER000068,Classic System,754.74,152,945
JMETER000069,Classic Aluminum Widget,239.45,42,1572
JMETER000070,Standard Unit,377.02,859,1015
JMETER000071,Copper Gadget,744.56,845,45
JMETER000072,Advanced Component,90.09,279,788
JMETER000073,Blue Bundle,300.05,601,640
JMETER000074,Alloy Module,342.38,655,371
JMETER000075,Silver Unit,663.2,579,1593
JMETER000076,Basic Copper Set,335.26,203,1809
JMETER000077,Alloy Package,454.13,369,1711
JMETER000078,Red Package,102.98,597,1864
JMETER000079,Steel Package,727.26,282,1812
JMETER000080,Professional Ceramic Gadget,928.52,836,1192
JMETER000081,Modern Ceramic Bundle,380.89,759,78
JMETER000082,Professional Copper Device,927.13,462,1412
JMETER000083,Deluxe Bronze System,847.1,424,298
JMETER000084,Silver System,79.33,779,772
JMETER000085,Superior Plastic Bundle,830.96,675,1346
JMETER000086,Basic Composite Bundle,427.31,477,811
JMETER000087,Compact Module,94.62,742,1555
JMETER000088,Advanced Device,149.14,173,866
JMETER000089,Premium System,438.75,566,723
JMETER000090,Elite Copper Module,706.59,923,202
JMETER000091,Superior Alloy Component,641.24,91,1575
JMETER000092,Modern Package,834.4,401,1260
JMETER000093,Elite Plastic Gadget,726.84,411,1221
JMETER000094,Steel Device,606.67,27,1328
JMETER000095,Advanced Gadget,964.63,925,1766
JMETER000096,Classic Kit,868.41,943,753
JMETER000097,Steel Device,733.41,28,1351
JMETER000098,Superior Component,46.06,968,955
JMETER000099,Orange Unit,789.37,545,1734
JMETER000100,Premium Bronze Module,25.34,708,1361
JMETER000101,Titanium Widget,381.03,729,1135
JMETER000102,Deluxe Plastic Device,266.84,415,973
JMETER000103,Elite Alloy Set,891.98,409,1549
JMETER000104,Orange Gadget,586.39,139,1179
JMETER000105,Titanium Package,702.15,163,1482
JMETER000106,Bronze Gadget,711.18,952,265
JMETER000107,Copper Unit,358.35,853,1995
JMETER000108,Advanced Carbon System,365.9,52,1766
JMETER000109,Ceramic Device,819.44,389,696
JMETER000110,Classic Kit,926.33,564,1765
JMETER000111,Superior Carbon Bundle,740.04,151,1005
JMETER000112,Professional Carbon Gadget,290.2,191,1129
JMETER000113,Copper Bundle,678.53,544,327
JMETER000114,Standard Component,972.08,134,807
JMETER000115,Modern Carbon Widget,716.04,392,364
JMETER000116,Elite Ceramic Package,259.62,60,119
JMETER000117,Basic Aluminum Bundle,215.38,398,1502
JMETER000118,White Bundle,575.76,737,277
JMETER000119,Elite Tool,406.93,540,1483
JMETER000120,Compact Unit,821.48,342,982
JMETER000121,Bronze Package,431.2,965,1348
JMETER000122,Basic Composite System,837.77,577,1093
JMETER000123,Classic Tool,242.23,535,18
JMETER000124,Composite Unit,365.74,190,1596
JMETER000125,Composite Widget,606.35,872,988
JMETER000126,Premium Alloy Device,446.79,909,855
JMETER000127,Vintage Steel Bundle,909.65,57,973
JMETER000128,Classic Module,987.76,906,1907
JMETER000129,Ceramic Kit,254.02,396,597
JMETER000130,Professional Aluminum Device,264.17,411,1850
JMETER000131,Purple Widget,201.27,110,560
JMETER000132,Copper Package,852.89,763,891
JMETER000133,Modern Alloy Module,174.71,732,708
JMETER000134,Orange Set,26.73,542,1372
JMETER000135,Blue Tool,70.31,671,1529
JMETER000136,Modern Titanium Widget,96.0,815,316
JMETER000137,Black Package,735.88,200,1151
JMETER000138,Modern Module,511.12,489,1878
JMETER000139,Modern Steel Device,959.82,296,1783
JMETER000140,Modern Aluminum Component,696.89,51,893
JMETER000141,Superior System,681.6,680,537
JMETER000142,Green Component,290.05,830,1350
JMETER000143,Premium Copper Gadget,39.88,879,386
JMETER000144,Ceramic Device,344.29,946,1957
JMETER000145,White Unit,884.93,789,968
JMETER000146,Premium Steel Bundle,522.62,527,1011
JMETER000147,Copper Tool,999.09,739,1466
JMETER000148,Composite Device,619.4,755,1142
JMETER000149,Steel Package,848.13,869,520
JMETER000150,Green Widget,436.28,483,624
JMETER000151,Vintage Steel Package,984.55,412,1879
JMETER000152,Orange Set,230.31,934,1084
JMETER000153,Advanced Bronze Tool,28.98,89,1490
JMETER000154,Blue Tool,267.14,330,1738
JMETER000155,White Tool,273.08,873,1734
JMETER000156,Basic Copper Tool,453.52,784,685
JMETER000157,Ceramic Kit,348.51,218,1088
JMETER000158,Titanium Set,714.26,584,416
JMETER000159,Classic Plastic Component,345.71,425,1538
JMETER000160,Elite System,460.0,875,1444
JMETER000161,Professional Module,578.88,63,499
JMETER000162,Ceramic Widget,479.06,74,245
JMETER000163,Advanced Bundle,122.02,146,867
JMETER000164,Modern Set,958.54,986,157
JMETER000165,Gold Bundle,988.89,572,1861
JMETER000166,White Device,660.54,519,1651
JMETER000167,Green Kit,388.33,854,702
JMETER000168,Superior Package,712.76,45,1723
JMETER000169,Vintage Aluminum Module,112.32,28,1482
JMETER000170,Vintage Component,60.66,294,63
JMETER000171,Bronze System,647.01,895,1284
JMETER000172,Plastic Module,766.2,552,686
JMETER000173,Orange Kit,321.19,235,409
JMETER000174,Steel Package,773.49,253,1634
JMETER000175,Copper Set,175.05,933,1067
JMETER000176,Bronze Module,548.26,616,745
JMETER000177,Basic Aluminum Kit,193.73,929,620
JMETER000178,Blue Package,915.95,239,15
JMETER000179,White System,337.77,446,1966
JMETER000180,Titanium Widget,21.12,295,585
JMETER000181,Carbon Unit,952.75,396,1722
JMETER000182,Compact Set,787.05,627,613
JMETER000183,Red Set,50.97,369,1668
JMETER000184,Alloy Module,623.04,741,1497
JMETER000185,Premium Aluminum Set,375.52,132,1889
JMETER000186,Classic Ceramic Device,277.58,651,1203
JMETER000187,Purple Component,492.97,356,360
JMETER000188,Silver Kit,440.01,618,1554
JMETER000189,Red Gadget,26.61,345,168
JMETER000190,Ceramic Component,873.63,945,208
JMETER000191,Premium Set,221.41,275,470
JMETER000192,Gold Module,642.29,257,1932
JMETER000193,Elite Copper Widget,385.45,165,558
JMETER000194,Carbon Unit,449.88,340,1649
JMETER000195,Classic Package,492.16,745,1851
JMETER000196,Gray Widget,552.01,505,181
JMETER000197,Green Bundle,213.92,576,1777
JMETER000198,Standard Copper Tool,879.64,315,425
JMETER000199,Elite Gadget,865.3,174,388
JMETER000200,Gold Unit,201.2,926,1000
JMETER000201,Professional Carbon System,527.28,206,883
JMETER000202,Copper Unit,74.46,476,1683
JMETER000203,Gold Module,20.73,137,78
JMETER000204,Deluxe Ceramic Unit,413.53,953,1196
JMETER000205,Advanced Steel Bundle,692.27,854,766
JMETER000206,Compact Bundle,283.12,735,408
JMETER000207,White Device,302.22,177,1640
JMETER000208,Standard Alloy Device,15.68,646,1463
JMETER000209,Orange Kit,827.69,176,42
JMETER000210,Orange Unit,750.2,379,1262
JMETER000211,Vintage Module,341.44,1000,1545
JMETER000212,Basic Steel Gadget,466.0,352,368
JMETER000213,Elite Aluminum Bundle,893.51,84,1556
JMETER000214,Advanced Package,421.08,511,1440
JMETER000215,Purple Device,396.52,620,847
JMETER000216,Titanium Kit,300.99,375,431
JMETER000217,Standard Composite Component,604.6,420,945
JMETER000218,Gold Widget,822.07,587,1571
JMETER000219,Premium Copper Package,191.19,885,1257
JMETER000220,Premium Composite Widget,216.16,955,527
JMETER000221,Black Gadget,275.93,1,1754
JMETER000222,Professional Carbon Device,246.84,945,1022
JMETER000223,Superior Plastic Device,198.5,839,1228
JMETER000224,Blue Unit,149.1,711,1792
JMETER000225,Alloy Kit,107.23,738,566
JMETER000226,Vintage Copper Bundle,711.22,197,280
JMETER000227,Red Bundle,518.93,127,941
JMETER000228,Modern Aluminum System,710.4,434,1839
JMETER000229,Titanium Module,459.01,575,812
JMETER000230,Deluxe Package,972.24,785,549
JMETER000231,Copper Unit,842.87,855,1489
JMETER000232,Composite Bundle,965.14,109,113
JMETER000233,Composite Kit,95.18,587,862
JMETER000234,Superior Aluminum Component,369.92,683,1629
JMETER000235,Professional Widget,461.24,34,952
JMETER000236,Orange Device,888.6,351,1864
JMETER000237,Purple Component,967.01,352,801
JMETER000238,Aluminum System,129.16,655,839
JMETER000239,Premium Bundle,338.98,152,965
JMETER000240,Classic Plastic Bundle,25.91,865,1723
JMETER000241,Premium Gadget,116.95,386,1588
JMETER000242,Elite Aluminum Package,511.96,496,1156
JMETER000243,Superior Ceramic Kit,119.88,89,281
JMETER000244,White Kit,196.33,368,1202
JMETER000245,Elite Component,447.82,508,1101
JMETER000246,Gold Component,334.13,498,315
JMETER000247,Advanced Unit,606.39,460,1679
JMETER000248,Professional Module,31.85,557,1846
JMETER000249,Elite Component,33.69,193,817
JMETER000250,Gold Device,968.16,236,303
JMETER000251,Gray Unit,298.3,365,1584
JMETER000252,Compact Set,136.87,611,1589
JMETER000253,Basic Module,762.39,36,65
JMETER000254,Deluxe Bronze Module,900.17,201,705
JMETER000255,Blue Package,224.93,978,1077
JMETER000256,Composite Module,624.0,680,631
JMETER000257,Ceramic System,811.46,494,1091
JMETER000258,Standard Composite Tool,434.18,935,1435
JMETER000259,White Module,943.7,93,1118
JMETER000260,Modern Titanium Package,965.81,255,1921
JMETER000261,Standard Package,761.53,566,1268
JMETER000262,Compact Component,97.28,363,1334
JMETER000263,Professional Module,108.13,507,919
JMETER000264,Classic Module,751.92,647,970
JMETER000265,Aluminum Gadget,438.94,268,1587
JMETER000266,Green Set,228.57,620,1645
JMETER000267,Premium Alloy Module,793.55,213,1012
JMETER000268,Plastic System,82.09,203,1125
JMETER000269,Basic Widget,97.17,770,1265
JMETER000270,Plastic Module,440.11,777,415
JMETER000271,Vintage Unit,726.37,362,1867
JMETER000272,Compact Alloy Device,718.4,585,634
JMETER000273,Green Unit,654.33,86,1854
JMETER000274,Copper Tool,998.67,712,1667
JMETER000275,Classic System,14.05,392,1498
JMETER000276,Standard Tool,298.29,22,1144
JMETER000277,Compact Tool,154.32,984,1398
JMETER000278,Aluminum Unit,115.51,325,1765
JMETER000279,Professional Aluminum Widget,150.03,107,1415
JMETER000280,Composite Module,381.23,694,1300
JMETER000281,Bronze Component,773.73,736,1279
JMETER000282,Green Bundle,510.55,623,1907
JMETER000283,Gray Gadget,724.87,326,823
JMETER000284,Professional Plastic Tool,632.62,774,990
JMETER000285,Advanced Ceramic Device,454.65,265,1454
JMETER000286,Compact Copper Set,751.9,976,144
JMETER000287,White Widget,523.54,747,1374
JMETER000288,Bronze Bundle,240.94,62,750
JMETER000289,Premium Bronze Gadget,427.68,601,430
JMETER000290,Classic Component,32.56,804,1450
JMETER000291,Bronze Kit,740.79,18,1376
JMETER000292,Professional Copper Widget,530.48,448,1638
JMETER000293,Steel System,255.15,1000,937
JMETER000294,Compact Set,361.94,972,698
JMETER000295,Red Device,248.5,231,1049
JMETER000296,Professional Bronze Tool,545.27,921,168
JMETER000297,Aluminum Unit,816.85,57,667
JMETER000298,Silver Tool,343.66,431,1668
JMETER000299,Elite Plastic Package,803.15,533,186
JMETER000300,Copper Kit,919.14,873,1118
JMETER000301,Orange Component,980.07,771,391
JMETER000302,Deluxe Aluminum Package,471.62,296,1974
JMETER000303,Orange Component,182.17,261,1126
JMETER000304,Blue Tool,73.67,586,92
JMETER000305,Deluxe Module,564.25,912,1710
JMETER000306,Vintage Component,131.42,783,1797
JMETER000307,Titanium Bundle,903.04,130,516
JMETER000308,Carbon Component,574.09,22,1618
JMETER000309,Professional Widget,130.24,93,1762
JMETER000310,Professional Carbon Module,754.18,434,654
JMETER000311,Silver Unit,42.45,149,980
JMETER000312,Vintage System,742.51,47,1674
JMETER000313,Basic Composite Device,343.23,384,1533
JMETER000314,Deluxe Kit,420.65,995,1373
JMETER000315,Vintage Steel Set,87.27,757,159
JMETER000316,Premium Device,237.98,654,450
JMETER000317,Standard Titanium Package,589.27,209,147
JMETER000318,Compact Module,629.52,87,491
JMETER000319,Deluxe Tool,870.9,718,727
JMETER000320,Red Widget,386.95,525,1977
JMETER000321,Compact Package,24.39,728,580
JMETER000322,Copper Package,858.18,331,748
JMETER000323,White Package,530.13,173,708
JMETER000324,Bronze Set,654.31,694,19
JMETER000325,Compact System,830.65,868,552
JMETER000326,Superior Package,122.9,112,1651
JMETER000327,Classic Titanium Component,161.03,452,1709
JMETER000328,Superior Kit,586.85,238,1176
JMETER000329,Deluxe Plastic Tool,434.04,599,1561
JMETER000330,Bronze Kit,850.76,727,1323
JMETER000331,Superior Steel Set,412.25,742,1249
JMETER000332,Standard Bronze Gadget,915.8,153,565
JMETER000333,Composite Unit,317.66,237,1860
JMETER000334,Vintage Plastic System,598.44,550,1951
JMETER000335,Titanium Device,390.01,234,134
JMETER000336,Vintage Alloy Kit,473.76,485,1194
JMETER000337,Aluminum Unit,563.5,906,1010
JMETER000338,Premium Component,220.25,786,398
JMETER000339,Green Gadget,694.05,502,1864
JMETER000340,Blue Component,552.31,77,182
JMETER000341,Alloy Bundle,478.21,110,413
JMETER000342,Vintage Composite Module,930.39,871,1258
JMETER000343,Gold Widget,546.22,908,1185
JMETER000344,Black Gadget,607.7,630,740
JMETER000345,Standard Bronze Package,178.67,326,330
JMETER000346,Alloy Package,197.42,849,918
JMETER000347,Black Kit,530.26,383,457
JMETER000348,Professional Unit,205.39,441,1943
JMETER000349,Advanced Tool,219.26,351,120
JMETER000350,Blue Gadget,226.33,639,119
JMETER000351,Basic Bundle,493.67,979,1156
JMETER000352,Bronze Component,732.14,476,916
JMETER000353,Professional Plastic Device,36.28,256,753
JMETER000354,Premium Component,19.22,111,1886
JMETER000355,Advanced Copper System,915.98,689,1750
JMETER000356,Gray Component,863.76,655,1426
JMETER000357,Premium Titanium Kit,967.69,716,1425
JMETER000358,Elite Unit,506.44,888,1640
JMETER000359,Classic Alloy Kit,493.88,13,525
JMETER000360,White Component,698.4,356,252
JMETER000361,Elite Gadget,484.31,461,1780
JMETER000362,Purple Module,471.9,501,1693
JMETER000363,White Set,797.18,850,1233
JMETER000364,Copper Bundle,362.07,527,583
JMETER000365,Orange Module,331.85,45,64
JMETER000366,Professional Package,809.28,173,193
JMETER000367,Aluminum Package,652.92,307,705
JMETER000368,Black Bundle,974.65,401,1237
JMETER000369,Aluminum Kit,927.14,940,1005
JMETER000370,Carbon Device,603.98,952,1612
JMETER000371,Superior System,234.49,12,522
JMETER000372,Elite Component,791.62,747,566
JMETER000373,White Unit,691.9,948,785
JMETER000374,Standard Widget,141.98,543,628
JMETER000375,Compact Bundle,764.53,811,1524
JMETER000376,Advanced Alloy Device,778.72,697,1529
JMETER000377,Deluxe Steel Widget,113.48,105,682
JMETER000378,Standard Composite Tool,275.53,286,528
JMETER000379,Premium Plastic Package,870.95,977,85
JMETER000380,Aluminum Package,134.9,140,1796
JMETER000381,Carbon Device,413.51,264,1962
JMETER000382,Modern Composite Kit,235.24,691,1479
JMETER000383,Professional Alloy Package,172.22,595,1718
JMETER000384,Gray Set,602.73,153,373
JMETER000385,Deluxe Component,218.04,422,1446
JMETER000386,Bronze Component,846.54,912,60
JMETER000387,Classic Module,332.32,576,1626
JMETER000388,Orange Bundle,556.22,527,1768
JMETER000389,Superior Copper Component,435.03,173,347
JMETER000390,Carbon Bundle,838.15,62,125
JMETER000391,Deluxe Aluminum Set,145.07,843,1335
JMETER000392,Superior Aluminum Gadget,108.63,518,1541
JMETER000393,Professional Carbon Bundle,363.25,781,841
JMETER000394,Alloy Widget,921.47,556,1110
JMETER000395,Gold Set,94.32,782,326
JMETER000396,Green Tool,765.64,677,147
JMETER000397,Compact Aluminum Unit,258.02,388,1536
JMETER000398,Bronze Device,593.95,983,1981
JMETER000399,Vintage Carbon Module,326.74,539,687
JMETER000400,Professional Bundle,48.85,363,1714
JMETER000401,Deluxe System,651.7,391,645
JMETER000402,Elite Copper Widget,285.68,572,1635
JMETER000403,Vintage Device,320.72,808,993
JMETER000404,Classic Device,204.29,575,1427
JMETER000405,Professional Tool,488.02,3,1137
JMETER000406,Aluminum Module,797.65,513,1153
JMETER000407,Elite Ceramic Device,11.96,647,933
JMETER000408,Superior Aluminum Kit,77.92,712,844
JMETER000409,Purple Component,506.7,324,988
JMETER000410,Compact Copper Gadget,971.51,201,643
JMETER000411,Carbon Gadget,853.93,224,1443
JMETER000412,Silver Device,694.21,428,784
JMETER000413,Bronze Bundle,31.3,962,1288
JMETER000414,White Module,780.08,238,728
JMETER000415,Red Widget,23.42,246,1576
JMETER000416,Standard Widget,636.99,147,138
JMETER000417,Green Module,97.99,835,1472
JMETER000418,Copper Component,660.37,304,899
JMETER000419,Classic Titanium Kit,46.7,691,646
JMETER000420,Gold Unit,413.86,703,846
JMETER000421,Steel Set,20.46,489,1206
JMETER000422,Orange Component,769.65,958,1680
JMETER000423,Deluxe Titanium Component,794.14,195,1600
JMETER000424,Ceramic Package,51.38,943,456
JMETER000425,Compact Bundle,283.43,646,1391
JMETER000426,Gray Set,867.95,195,1425
JMETER000427,Standard Set,34.02,67,1224
JMETER000428,Advanced Component,179.85,631,524
JMETER000429,Superior Copper System,102.38,614,495
JMETER000430,Standard Titanium Gadget,978.35,90,1598
JMETER000431,Professional Plastic Kit,752.23,66,1697
JMETER000432,Elite Tool,925.3,300,1758
JMETER000433,White Bundle,935.27,708,1214
JMETER000434,Professional Set,507.58,813,1031
JMETER000435,Elite Bundle,381.38,459,1246
JMETER000436,Advanced Plastic System,155.55,780,1187
JMETER000437,Compact Composite Component,657.2,344,417
JMETER000438,Advanced Plastic Kit,886.72,464,196
JMETER000439,Standard Widget,209.1,572,1061
JMETER000440,Advanced Copper Widget,585.78,542,1327
JMETER000441,Compact Module,375.8,888,1576
JMETER000442,Advanced Bronze Gadget,774.22,346,437
JMETER000443,Modern System,747.33,260,942
JMETER000444,Superior Component,510.96,764,1861
JMETER000445,Basic Bundle,798.65,503,1169
JMETER000446,Premium Component,389.09,721,1107
JMETER000447,Green Kit,354.31,445,1201
JMETER000448,Black Package,661.95,896,1761
JMETER000449,Purple Device,397.98,699,636
JMETER000450,Professional Bronze System,275.95,245,394
JMETER000451,Titanium Widget,452.3,153,740
JMETER000452,Premium Alloy Bundle,735.8,635,392
JMETER000453,Vintage Composite Tool,350.88,400,718
JMETER000454,Bronze Component,398.0,625,1438
JMETER000455,Professional Copper Component,857.89,739,1887
JMETER000456,Standard Ceramic System,42.86,464,1096
JMETER000457,Elite Unit,53.33,749,1134
JMETER000458,Classic Carbon Device,514.14,392,887
JMETER000459,Professional Steel Kit,581.51,934,1106
JMETER000460,Purple Tool,711.35,383,48
JMETER000461,Advanced System,85.61,797,1830
JMETER000462,Red Module,935.15,479,598
JMETER000463,Classic Plastic Set,25.14,570,941
JMETER000464,Professional Steel Component,756.67,912,861
JMETER000465,Classic Steel Device,263.71,542,1075
JMETER000466,Elite Alloy Component,312.06,572,510
JMETER000467,Bronze Gadget,906.17,93,255
JMETER000468,Gray Gadget,729.03,147,1023
JMETER000469,Deluxe Module,770.13,546,441
JMETER000470,Modern Steel Device,60.51,867,1247
JMETER000471,Composite Tool,957.62,937,66
JMETER000472,Red System,496.24,806,1869
JMETER000473,Classic Ceramic Package,714.96,939,1392
JMETER000474,Compact Gadget,72.04,746,1008
JMETER000475,Plastic System,702.54,920,571
JMETER000476,Alloy System,60.63,151,1373
JMETER000477,Steel Bundle,321.91,86,722
JMETER000478,Titanium Device,419.72,792,1913
JMETER000479,Blue Widget,879.51,809,1325
JMETER000480,Blue Gadget,322.18,781,1364
JMETER000481,Vintage Composite Component,804.95,687,303
JMETER000482,Gold Set,955.78,234,1880
JMETER000483,Silver Bundle,37.13,10,1336
JMETER000484,Professional System,412.1,660,894
JMETER000485,Plastic Kit,540.81,874,478
JMETER000486,Orange Bundle,868.75,13,1340
JMETER000487,Basic Alloy Widget,333.68,32,1210
JMETER000488,Standard System,544.49,46,1267
JMETER000489,Basic Ceramic Module,341.51,153,636
JMETER000490,Modern Composite Set,262.35,185,1362
JMETER000491,Black Kit,910.67,975,71
JMETER000492,Compact Steel Set,383.09,939,627
JMETER000493,Carbon Widget,164.28,174,901
JMETER000494,Vintage Copper Module,510.86,393,366
JMETER000495,Bronze Unit,263.54,995,1006
JMETER000496,Classic Package,982.99,595,1107
JMETER000497,Aluminum Kit,878.03,571,1929
JMETER000498,Gold Tool,649.64,667,933
JMETER000499,Carbon Unit,399.63,392,245
JMETER000500,Orange Widget,315.85,584,240
JMETER000501,Orange Gadget,104.18,199,1493
JMETER000502,Elite Component,690.6,480,578
JMETER000503,Superior Carbon System,70.05,669,606
JMETER000504,Green Device,792.42,138,1755
JMETER000505,Carbon Kit,849.88,772,1137
JMETER000506,Alloy Module,125.05,658,851
JMETER000507,Copper Unit,53.97,248,106
JMETER000508,Alloy Unit,367.74,729,677
JMETER000509,Green Unit,140.43,495,1701
JMETER000510,Vintage Set,958.34,835,428
JMETER000511,Plastic Tool,156.64,538,707
JMETER000512,Classic Steel Tool,635.49,345,453
JMETER000513,Plastic Device,305.13,546,98
JMETER000514,Green Tool,568.97,784,147
JMETER000515,Classic Carbon Kit,396.81,197,166
JMETER000516,Titanium Package,844.98,186,1791
JMETER000517,Green System,171.11,260,1722
JMETER000518,Elite System,809.09,663,646
JMETER000519,Classic Carbon Component,875.12,630,188
JMETER000520,Basic System,632.29,971,867
JMETER000521,Black Gadget,739.89,570,1708
JMETER000522,Premium Plastic System,601.02,603,842
JMETER000523,Standard Titanium Tool,925.51,921,1438
JMETER000524,Carbon Bundle,574.66,517,762
JMETER000525,Basic Plastic System,935.2,418,1635
JMETER000526,Carbon Widget,15.77,201,1721
JMETER000527,Vintage Carbon Kit,51.7,476,846
JMETER000528,Vintage Aluminum Tool,553.21,854,1719
JMETER000529,Modern Aluminum Widget,339.0,25,1357
JMETER000530,Advanced Device,643.75,125,37
JMETER000531,Classic Carbon Widget,842.17,709,1153
JMETER000532,Vintage Ceramic Widget,839.33,926,856
JMETER000533,Green Set,659.37,463,429
JMETER000534,Copper Bundle,343.96,871,1516
JMETER000535,Bronze Module,670.53,317,1365
JMETER000536,Basic Set,608.7,804,1595
JMETER000537,Red Device,86.38,990,1629
JMETER000538,Standard Composite Unit,113.89,541,515
JMETER000539,Ceramic Package,366.98,357,439
JMETER000540,Carbon Gadget,209.19,649,659
JMETER000541,Copper Bundle,762.5,488,1154
JMETER000542,Elite Plastic Component,268.03,907,131
JMETER000543,Premium Package,994.81,918,379
JMETER000544,Professional Set,883.3,710,1279
JMETER000545,Silver Gadget,440.13,908,724
JMETER000546,Deluxe Plastic Gadget,570.47,322,1167
JMETER000547,Silver Bundle,389.19,506,862
JMETER000548,Red Set,455.48,267,1995
JMETER000549,Elite Kit,434.42,254,1656
JMETER000550,Deluxe Alloy Bundle,665.28,952,1657
JMETER000551,Advanced System,980.86,733,1048
JMETER000552,Vintage Ceramic Widget,242.54,623,1325
JMETER000553,Standard Composite Component,615.63,96,1351
JMETER000554,Professional Widget,306.26,93,11
JMETER000555,Deluxe Bundle,555.25,435,880
JMETER000556,Deluxe Component,852.79,872,449
JMETER000557,Blue Device,849.19,365,1822
JMETER000558,Blue Set,466.26,399,117
JMETER000559,Ceramic Tool,308.71,179,949
JMETER000560,Compact Unit,590.4,666,268
JMETER000561,Gray Package,643.67,148,1567
JMETER000562,Composite Kit,404.08,97,979
JMETER000563,Composite Bundle,137.32,755,863
JMETER000564,Modern Component,399.88,148,1177
JMETER000565,Green Set,820.04,684,261
JMETER000566,Classic Module,110.07,199,722
JMETER000567,Advanced Alloy Set,113.57,268,483
JMETER000568,Elite Unit,143.05,50,226
JMETER000569,Red System,424.25,813,1270
JMETER000570,Elite Tool,190.56,690,726
JMETER000571,Black System,840.27,789,251
JMETER000572,Advanced Titanium Gadget,987.19,451,917
JMETER000573,Vintage Module,720.89,882,1844
JMETER000574,Orange Module,792.18,112,135
JMETER000575,Plastic Kit,142.56,364,1449
JMETER000576,Elite System,414.48,592,1464
JMETER000577,Gray Module,106.12,600,727
JMETER000578,Ceramic Widget,141.82,155,263
JMETER000579,Alloy System,497.96,384,1539
JMETER000580,Ceramic Widget,513.02,327,1763
JMETER000581,Premium Carbon Unit,848.35,715,745
JMETER000582,Compact Kit,23.78,814,849
JMETER000583,Elite Device,25.69,506,1770
JMETER000584,Basic System,513.0,809,1236
JMETER000585,Standard System,725.43,465,1080
JMETER000586,Titanium System,176.8,826,1317
JMETER000587,Carbon Tool,833.03,256,1271
JMETER000588,Vintage Bundle,645.42,12,1221
JMETER000589,Compact Alloy Unit,794.76,253,338
JMETER000590,Classic Composite Bundle,127.48,625,1887
JMETER000591,Standard Plastic Kit,823.56,663,1551
JMETER000592,Steel Widget,265.7,220,923
JMETER000593,Silver Set,639.89,925,1136
JMETER000594,Ceramic System,342.44,878,1420
JMETER000595,Red Gadget,434.54,945,89
JMETER000596,Modern Device,854.33,319,1499
JMETER000597,Aluminum System,948.31,235,34
JMETER000598,Composite Unit,964.63,272,19
JMETER000599,Professional Widget,814.29,323,868
JMETER000600,Advanced Plastic System,646.9,948,319
JMETER000601,Standard Steel System,709.74,627,1786
JMETER000602,Gold System,315.98,84,808
JMETER000603,Advanced Unit,578.32,809,1260
JMETER000604,Compact Copper Bundle,345.49,883,914
JMETER000605,Alloy Package,25.23,283,81
JMETER000606,Professional Bronze System,790.49,820,904
JMETER000607,Vintage Component,783.75,851,1179
JMETER000608,Carbon Device,383.58,68,850
JMETER000609,Elite Plastic Bundle,472.48,225,492
JMETER000610,Modern Plastic Module,129.61,637,1929
JMETER000611,Bronze Kit,873.62,906,839
JMETER000612,Aluminum Tool,128.95,809,115
JMETER000613,Modern Bronze Component,720.35,86,1765
JMETER000614,Basic Ceramic Tool,671.1,989,52
JMETER000615,Bronze Kit,644.51,671,954
JMETER000616,Classic Ceramic Module,816.59,275,275
JMETER000617,Gray Device,340.31,430,637
JMETER000618,Superior Composite Bundle,346.53,474,252
JMETER000619,Compact Titanium Device,448.05,283,597
JMETER000620,Green Unit,45.95,658,1993
JMETER000621,Orange Tool,468.54,580,1252
JMETER000622,Copper Widget,621.94,953,1070
JMETER000623,Modern Unit,719.42,667,631
JMETER000624,Titanium Package,283.42,644,110
JMETER000625,Gold Set,188.52,853,1668
JMETER000626,Blue Set,178.16,625,145
JMETER000627,Ceramic Set,560.21,335,1637
JMETER000628,Elite Bundle,192.12,63,441
JMETER000629,Modern Ceramic Gadget,227.17,525,446
JMETER000630,Ceramic Package,760.83,147,1579
JMETER000631,Modern Widget,818.27,832,602
JMETER000632,Red Set,817.48,979,326
JMETER000633,Steel Tool,287.96,507,1311
JMETER000634,Advanced Composite Module,944.59,950,1713
JMETER000635,Gray Unit,799.57,173,752
JMETER000636,Classic Package,239.18,950,600
JMETER000637,Advanced Titanium Device,309.62,678,355
JMETER000638,White Set,210.77,591,1844
JMETER000639,Premium Set,427.98,367,543
JMETER000640,Advanced Copper Component,471.56,372,1982
JMETER000641,Plastic Unit,779.84,630,1227
JMETER000642,Red Gadget,25.64,988,455
JMETER000643,Blue Widget,361.28,452,1239
JMETER000644,White Bundle,790.97,506,773
JMETER000645,White Device,206.28,270,1298
JMETER000646,Modern Ceramic Device,624.65,916,953
JMETER000647,Deluxe Gadget,782.23,508,1137
JMETER000648,Superior Copper Gadget,395.59,892,1737
JMETER000649,Modern Gadget,219.75,347,1723
JMETER000650,Modern System,652.63,496,1269
JMETER000651,Purple Widget,880.49,666,1502
JMETER000652,Steel Device,538.07,848,472
JMETER000653,Elite Titanium System,27.06,578,861
JMETER000654,Gold Set,841.13,651,1536
JMETER000655,Advanced Alloy Gadget,553.39,665,12
JMETER000656,Copper Module,909.54,83,716
JMETER000657,Titanium Tool,575.5,950,471
JMETER000658,Gold Tool,782.64,803,1439
JMETER000659,Advanced Titanium Component,806.71,454,1362
JMETER000660,Basic Copper System,868.81,523,454
JMETER000661,Orange Tool,513.25,418,1038
JMETER000662,Green Unit,316.26,117,1855
JMETER000663,Deluxe Device,768.4,7,855
JMETER000664,Premium Package,918.1,355,67
JMETER000665,Plastic Device,146.32,423,1943
JMETER000666,Titanium Gadget,965.08,636,94
JMETER000667,Bronze Device,74.57,121,905
JMETER000668,Aluminum Bundle,122.68,509,200
JMETER000669,Premium Composite Component,94.19,53,1552
JMETER000670,Standard Module,659.75,428,207
JMETER000671,Standard Bundle,625.21,127,361
JMETER000672,White Device,213.53,332,1640
JMETER000673,Blue Set,911.51,741,1525
JMETER000674,Elite Unit,82.3,683,1210
JMETER000675,Vintage System,99.98,309,1942
JMETER000676,Vintage Bronze Component,562.76,367,1991
JMETER000677,Titanium Gadget,76.55,354,1824
JMETER000678,Elite Widget,844.74,435,1713
JMETER000679,Elite Copper Gadget,41.52,999,141
JMETER000680,Gray Component,90.46,932,869
JMETER000681,Red System,586.61,832,1625
JMETER000682,Deluxe Copper Set,484.17,531,965
JMETER000683,Alloy Bundle,608.32,451,256
JMETER000684,Advanced Bundle,293.41,920,660
JMETER000685,Silver Set,287.99,969,1465
JMETER000686,Titanium System,108.8,630,175
JMETER000687,Vintage Tool,748.79,284,187
JMETER000688,Gray Component,331.47,988,974
JMETER000689,Classic Steel Set,585.22,805,1905
JMETER000690,Bronze Gadget,126.94,931,1176
JMETER000691,Carbon Set,41.48,918,1564
JMETER000692,Basic Titanium Widget,640.19,128,1031
JMETER000693,Advanced Alloy Widget,725.75,439,866
JMETER000694,Carbon Set,984.0,671,1628
JMETER000695,Gray Kit,587.41,979,1399
JMETER000696,Silver Widget,81.6,514,243
JMETER000697,Advanced Device,603.34,161,1036
JMETER000698,Copper Widget,367.19,922,26
JMETER000699,Steel Package,283.55,932,1055
JMETER000700,Copper Bundle,325.5,299,1522
JMETER000701,Alloy Tool,31.06,889,1566
JMETER000702,Advanced Titanium Device,557.36,610,918
JMETER000703,Gold Device,516.03,765,1687
JMETER000704,Superior Package,517.5,842,428
JMETER000705,Basic Titanium Bundle,776.81,918,1730
JMETER000706,Classic Package,421.22,300,844
JMETER000707,Bronze Tool,850.15,495,1507
JMETER000708,Compact Bronze Kit,29.08,270,1873
JMETER000709,Silver System,394.47,981,1001
JMETER000710,Titanium Module,233.42,443,1649
JMETER000711,Basic Aluminum Tool,309.33,105,830
JMETER000712,Modern System,578.26,371,1910
JMETER000713,Professional Set,477.97,641,166
JMETER000714,Red Gadget,823.91,505,1863
JMETER000715,Modern Carbon Gadget,952.95,983,465
JMETER000716,Elite Bronze Bundle,517.1,348,1704
JMETER000717,Professional Plastic System,150.18,843,778
JMETER000718,Basic Kit,986.98,872,1243
JMETER000719,White Set,732.42,532,1671
JMETER000720,Titanium Tool,987.65,875,461
JMETER000721,Vintage Ceramic Bundle,995.41,766,1568
JMETER000722,Premium Copper Bundle,659.36,324,1350
JMETER000723,Orange Tool,744.28,744,1817
JMETER000724,Gray Widget,869.39,176,102
JMETER000725,Gold Kit,709.1,19,1517
JMETER000726,Professional Gadget,105.26,104,1782
JMETER000727,Plastic Package,453.9,257,1815
JMETER000728,Purple Component,297.7,531,1131
JMETER000729,Plastic Component,356.73,180,78
JMETER000730,Red Set,626.61,481,1959
JMETER000731,Bronze System,889.39,358,112
JMETER000732,Classic Unit,660.31,636,1184
JMETER000733,Ceramic Component,148.33,216,1532
JMETER000734,Vintage System,139.05,95,1017
JMETER000735,Steel Tool,963.07,93,1689
JMETER000736,Titanium Unit,714.94,889,517
JMETER000737,Purple Set,744.78,671,1659
JMETER000738,Ceramic Gadget,303.35,532,248
JMETER000739,Aluminum Kit,728.56,92,1933
JMETER000740,Premium Module,824.12,903,1752
JMETER000741,Basic Titanium Package,745.4,625,1870
JMETER000742,Plastic Device,245.7,273,138
JMETER000743,Copper Unit,461.17,785,390
JMETER000744,Gold Kit,186.03,304,534
JMETER000745,Professional Device,351.89,258,1508
JMETER000746,Vintage Unit,532.85,223,694
JMETER000747,Deluxe System,262.15,833,1498
JMETER000748,Standard Composite Tool,730.41,680,1615
JMETER000749,Ceramic Gadget,391.19,803,77
JMETER000750,Professional Set,270.22,502,1630
JMETER000751,Black Gadget,834.78,642,332
JMETER000752,Red Bundle,456.09,182,1057
JMETER000753,Gray Device,953.68,837,1989
JMETER000754,Deluxe Widget,168.38,934,1745
JMETER000755,Elite Bundle,626.83,276,961
JMETER000756,Composite Device,253.62,297,698
JMETER000757,Vintage Module,626.94,972,1941
JMETER000758,Plastic Kit,426.24,711,452
JMETER000759,Carbon Package,925.09,673,1276
JMETER000760,Advanced Aluminum Component,710.65,705,1582
JMETER000761,Aluminum Kit,362.15,624,898
JMETER000762,Silver Tool,727.24,469,534
JMETER000763,Classic Component,166.76,1000,1408
JMETER000764,Titanium Widget,952.02,649,1425
JMETER000765,Green Widget,879.5,175,1405
JMETER000766,Green Widget,785.73,395,49
JMETER000767,Modern Package,559.05,292,954
JMETER000768,Elite Composite Set,961.6,60,250
JMETER000769,Copper Set,530.77,979,1736
JMETER000770,Modern Copper Device,315.82,614,1258
JMETER000771,Black System,884.12,312,780
JMETER000772,Alloy Set,662.38,342,1465
JMETER000773,Classic Device,564.2,258,1781
JMETER000774,Alloy Device,299.77,42,374
JMETER000775,Steel Kit,664.9,988,1296
JMETER000776,Standard Ceramic System,837.79,855,1590
JMETER000777,Steel Tool,98.51,971,1551
JMETER000778,Composite Device,475.45,966,1982
JMETER000779,Steel Device,196.42,289,415
JMETER000780,Black Module,852.12,332,1739
JMETER000781,Green Kit,479.45,755,390
JMETER000782,Purple Unit,311.42,157,1245
JMETER000783,Red Kit,713.85,321,1417
JMETER000784,Purple Module,97.6,799,402
JMETER000785,Superior Plastic Widget,596.46,580,1631
JMETER000786,Gray Kit,504.59,764,1012
JMETER000787,Classic Composite Device,901.28,779,901
JMETER000788,Ceramic Unit,161.43,783,999
JMETER000789,Silver Module,404.62,225,1183
JMETER000790,Composite Device,509.91,869,1997
JMETER000791,Red Set,80.12,209,894
JMETER000792,Purple Widget,141.37,364,985
JMETER000793,Silver Tool,400.64,377,1532
JMETER000794,Bronze Package,194.14,474,890
JMETER000795,Professional Bronze Widget,246.51,568,767
JMETER000796,Superior Composite System,875.8,991,152
JMETER000797,Elite Composite Unit,556.58,92,455
JMETER000798,Purple Tool,804.86,951,1046
JMETER000799,Carbon Set,331.49,21,825
JMETER000800,Titanium System,610.24,414,364
JMETER000801,Black Kit,851.24,226,295
JMETER000802,Standard Bronze Set,308.05,580,754
JMETER000803,Basic Component,527.45,518,1543
JMETER000804,Purple Module,698.77,69,188
JMETER000805,Professional Unit,513.51,500,1612
JMETER000806,Basic Device,715.4,55,551
JMETER000807,Classic Bronze Device,967.25,694,1913
JMETER000808,Composite Gadget,187.26,798,45
JMETER000809,Composite Gadget,455.81,556,1432
JMETER000810,Vintage Tool,796.59,194,1329
JMETER000811,Blue Device,633.89,868,1346
JMETER000812,Blue Kit,34.21,917,236
JMETER000813,Steel System,537.99,446,1480
JMETER000814,Basic Ceramic Component,699.94,48,1446
JMETER000815,Vintage Copper Unit,577.47,335,1297
JMETER000816,Silver Widget,766.07,27,1162
JMETER000817,Basic Package,557.49,870,355
JMETER000818,Silver Module,560.44,445,645
JMETER000819,Professional Titanium Device,447.21,594,131
JMETER000820,Elite Copper Module,30.4,609,1419
JMETER000821,Elite Component,909.52,810,415
JMETER000822,Silver Bundle,218.95,629,1432
JMETER000823,Elite Tool,568.35,335,1464
JMETER000824,Alloy System,740.64,702,1730
JMETER000825,Premium Module,846.52,967,614
JMETER000826,Alloy Component,463.1,914,317
JMETER000827,Deluxe Unit,137.85,893,928
JMETER000828,Advanced Composite Module,523.72,32,1843
JMETER000829,Vintage Copper Device,429.06,964,1392
JMETER000830,Titanium Kit,33.2,132,813
JMETER000831,Composite Kit,520.44,609,1778
JMETER000832,Deluxe System,322.68,255,1235
JMETER000833,Premium Unit,361.28,2,331
JMETER000834,Advanced Unit,602.29,555,1838
JMETER000835,Ceramic System,405.26,818,63
JMETER000836,White Gadget,290.8,407,69
JMETER000837,Deluxe Aluminum Bundle,779.18,47,1360
JMETER000838,Steel Tool,795.56,959,1592
JMETER000839,Orange Unit,628.23,513,1619
JMETER000840,Superior Steel Module,422.04,263,1980
JMETER000841,Professional Tool,58.51,32,114
JMETER000842,Professional Plastic Module,983.79,838,472
JMETER000843,Basic Alloy Component,800.94,213,181
JMETER000844,Composite Kit,962.73,945,159
JMETER000845,Compact Widget,343.95,754,1235
JMETER000846,Steel Set,157.58,924,1662
JMETER000847,Elite Package,299.42,723,259
JMETER000848,Copper Gadget,674.24,459,825
JMETER000849,Aluminum Bundle,242.96,424,874
JMETER000850,Premium Copper Tool,468.34,24,1550
JMETER000851,Red Unit,733.45,773,1308
JMETER000852,Black Device,967.58,128,1104
JMETER000853,Bronze Set,669.3,276,1374
JMETER000854,Steel Component,553.47,122,806
JMETER000855,Silver System,791.08,318,702
JMETER000856,Basic System,478.77,225,921
JMETER000857,Bronze Device,614.77,493,1951
JMETER000858,Basic Widget,689.62,737,252
JMETER000859,Black Module,134.15,560,152
JMETER000860,Black Kit,996.17,180,1354
JMETER000861,Steel System,32.39,426,110
JMETER000862,Superior Alloy Unit,313.78,584,1302
JMETER000863,Composite Package,121.14,707,763
JMETER000864,Advanced Ceramic Module,532.71,407,1593
JMETER000865,Elite Carbon Device,127.6,49,162
JMETER000866,Green Widget,447.69,270,253
JMETER000867,White Tool,264.25,250,566
JMETER000868,Gold Package,373.05,337,691
JMETER000869,Titanium Device,964.62,640,1333
JMETER000870,Superior Steel Gadget,584.5,163,621
JMETER000871,Deluxe Unit,619.08,226,207
JMETER000872,Standard Package,956.78,889,1307
JMETER000873,Green Unit,802.17,267,216
JMETER000874,Carbon Set,663.12,231,925
JMETER000875,Vintage Package,718.9,18,349
JMETER000876,Blue Kit,231.25,417,34
JMETER000877,Elite Device,124.01,597,726
JMETER000878,Red Set,352.47,937,712
JMETER000879,Composite Component,718.02,254,1373
JMETER000880,Silver System,819.49,477,169
JMETER000881,Classic Gadget,795.28,517,524
JMETER000882,Vintage Bundle,892.42,797,1556
JMETER000883,Gray Tool,43.89,145,1965
JMETER000884,Aluminum Tool,376.68,290,1816
JMETER000885,Gold Bundle,915.83,394,1768
JMETER000886,Premium Composite Device,860.61,493,1965
JMETER000887,Compact Gadget,162.46,666,1345
JMETER000888,Classic Steel Gadget,438.66,562,237
JMETER000889,Classic Ceramic Tool,887.29,283,1073
JMETER000890,Purple Set,514.48,301,1068
JMETER000891,Blue Unit,196.73,483,391
JMETER000892,Compact Plastic Bundle,773.17,905,923
JMETER000893,Aluminum Device,967.33,761,1175
JMETER000894,Advanced Module,302.17,635,140
JMETER000895,Premium Composite Unit,365.2,185,975
JMETER000896,Professional Bronze Kit,970.31,725,382
JMETER000897,Professional Gadget,422.17,606,405
JMETER000898,Professional Carbon Unit,240.4,215,1066
JMETER000899,Standard Copper Gadget,693.89,446,1249
JMETER000900,Ceramic Unit,742.98,298,1726
JMETER000901,Elite Aluminum Package,450.66,899,410
JMETER000902,Titanium Component,639.1,476,1060
JMETER000903,Deluxe Module,646.88,721,1754
JMETER000904,Composite Component,547.05,844,1321
JMETER000905,Green Widget,395.74,296,965
JMETER000906,Basic Device,911.49,228,1065
JMETER000907,Silver Widget,152.09,213,1179
JMETER000908,Silver Unit,493.89,687,1542
JMETER000909,Premium Ceramic Bundle,986.75,93,1885
JMETER000910,Modern Plastic Component,112.87,608,855
JMETER000911,Gold Module,774.52,777,734
JMETER000912,Vintage Unit,608.83,247,885
JMETER000913,Standard Carbon Kit,825.16,425,579
JMETER000914,Elite Composite Set,675.39,536,762
JMETER000915,Advanced Ceramic Package,457.62,591,677
JMETER000916,Black Device,450.1,523,51
JMETER000917,Premium Unit,480.33,102,524
JMETER000918,Modern Tool,15.04,814,221
JMETER000919,Blue Widget,64.38,897,1825
JMETER000920,Red Module,899.98,685,1021
JMETER000921,Deluxe Plastic Widget,295.62,697,507
JMETER000922,Elite Copper System,821.66,127,1956
JMETER000923,Premium Kit,613.82,437,1559
JMETER000924,Elite Package,95.52,945,701
JMETER000925,Gray System,429.45,309,1653
JMETER000926,Classic Tool,736.59,439,1822
JMETER000927,Ceramic Kit,774.27,543,769
JMETER000928,Modern Plastic Tool,601.7,723,1860
JMETER000929,Elite Gadget,216.1,723,212
JMETER000930,Carbon System,875.16,503,554
JMETER000931,Basic Bronze Unit,68.88,358,1071
JMETER000932,Modern Copper Set,521.27,947,604
JMETER000933,Black Component,661.44,707,278
JMETER000934,Silver Set,769.92,333,526
JMETER000935,Titanium Package,925.21,800,1770
JMETER000936,Composite Gadget,647.93,819,322
JMETER000937,Composite Module,822.76,370,758
JMETER000938,Plastic Package,974.56,578,115
JMETER000939,Titanium Set,911.88,903,1072
JMETER000940,Blue Set,503.68,65,831
JMETER000941,Elite Aluminum System,203.23,171,289
JMETER000942,Deluxe System,861.18,795,1197
JMETER000943,Orange Set,858.87,901,580
JMETER000944,Aluminum Kit,299.52,369,197
JMETER000945,Alloy Widget,334.75,738,234
JMETER000946,Orange Kit,195.11,820,717
JMETER000947,Compact Composite Bundle,932.37,763,1797
JMETER000948,Basic Component,828.95,414,312
JMETER000949,Deluxe Kit,628.32,238,1550
JMETER000950,Copper Unit,728.4,145,350
JMETER000951,Alloy Component,693.58,170,290
JMETER000952,Advanced Set,619.71,938,1887
JMETER000953,Professional Carbon Gadget,120.63,673,83
JMETER000954,Blue Bundle,580.74,366,1656
JMETER000955,Bronze Widget,362.58,925,1954
JMETER000956,Titanium System,405.68,273,350
JMETER000957,Orange Module,196.84,791,159
JMETER000958,Steel Gadget,820.77,929,737
JMETER000959,Carbon Tool,579.45,816,678
JMETER000960,Professional Device,993.76,387,1747
JMETER000961,White Device,744.45,987,121
JMETER000962,Aluminum Package,384.12,44,136
JMETER000963,Superior Composite System,963.41,681,917
JMETER000964,Deluxe Steel Set,376.28,328,979
JMETER000965,Compact Gadget,569.91,228,1549
JMETER000966,Basic Device,695.29,527,1083
JMETER000967,Aluminum Bundle,820.64,233,1990
JMETER000968,Composite Unit,864.66,518,904
JMETER000969,Advanced Unit,407.07,357,1845
JMETER000970,Classic Alloy Component,623.55,289,369
JMETER000971,Aluminum System,152.48,282,475
JMETER000972,Standard Composite Kit,812.94,710,1482
JMETER000973,Modern Component,982.35,545,1430
JMETER000974,Red Kit,265.87,555,89
JMETER000975,Carbon Bundle,935.64,478,273
JMETER000976,Titanium Widget,911.15,503,1360
JMETER000977,Standard Bronze Bundle,747.5,557,1230
JMETER000978,Plastic Unit,709.71,859,52
JMETER000979,Vintage Bundle,814.1,495,1639
JMETER000980,Plastic Unit,715.2,256,1090
JMETER000981,Alloy Bundle,287.51,795,540
JMETER000982,Blue Kit,168.68,986,14
JMETER000983,Classic Tool,783.29,319,1753
JMETER000984,Aluminum Unit,928.97,174,1092
JMETER000985,Modern Ceramic Tool,348.53,468,1775
JMETER000986,Black Widget,841.67,119,37
JMETER000987,Composite Package,493.15,129,527
JMETER000988,Steel Package,30.73,169,1798
JMETER000989,Classic Plastic Tool,401.01,559,629
JMETER000990,Silver Device,900.12,206,1558
JMETER000991,Plastic Bundle,272.14,49,1244
JMETER000992,Gray Widget,326.41,849,487
JMETER000993,Elite Component,360.83,646,106
JMETER000994,Premium Package,240.22,987,1910
JMETER000995,Modern Titanium Component,658.14,316,1261
JMETER000996,Modern Module,596.34,901,1822
JMETER000997,Aluminum Set,952.49,356,512
JMETER000998,Bronze Widget,247.79,227,1076
JMETER000999,Plastic Kit,35.59,2,887
